interface	model	test	replicate	value	time
COIN_CMD	iIT341	MILP2	9	18.5660583144135	0.1708536148071289
