interface	model	test	replicate	value	time
COIN_CMD	iIT341	LP2	3	285.74522694966106	0.11840105056762695
