interface	model	test	replicate	value	time
COIN_CMD	iCHOv1	LP2	0	1196.7159225625717	1.899998426437378
