interface	model	test	replicate	value	time
COIN_CMD	iMM904	LP2	1	833.2450824708577	0.5429205894470215
