interface	model	test	replicate	value	time
COIN_CMD	iCHOv1	LP2	3	1196.7159225625717	2.0127787590026855
