interface	model	test	replicate	value	time
COIN_CMD	iML1515	MILP1	5	0.6999462725000002	3868.337527513504
