interface	model	test	replicate	value	time
COIN_CMD	iCHOv1	LP2	8	1196.7159225625717	1.9684953689575195
