interface	model	test	replicate	value	time
COIN_CMD	iCHOv1	MILP2	1	1458.4515999999999	169.18154406547546
