interface	model	test	replicate	value	time
COIN_CMD	iIT341	LP2	2	285.74522694966106	0.1546032428741455
