interface	model	test	replicate	value	time
COIN_CMD	iMM904	LP2	3	833.2450824708577	2.1196532249450684
