interface	model	test	replicate	value	time
COIN_CMD	iCHOv1	MILP2	9	1458.4515999999999	175.63721132278442
