interface	model	test	replicate	value	time
COIN_CMD	iML1515	MILP1	7	0.6999462725000002	4332.56435585022
