interface	model	test	replicate	value	time
COIN_CMD	iIT341	LP2	8	285.74522694966106	0.07661223411560059
