interface	model	test	replicate	value	time
COIN_CMD	iML1515	MILP2	1	163.4838406095204	2049.2224366664886
