interface	model	test	replicate	value	time
COIN_CMD	iML1515	MILP2	2	163.4838406095204	1794.7031247615814
