interface	model	test	replicate	value	time
COIN_CMD	iML1515	MILP1	1	0.6999462725000002	4726.283051729202
