interface	model	test	replicate	value	time
COIN_CMD	iML1515	LP2	3	4679.569892678223	0.6464464664459229
