interface	model	test	replicate	value	time
COIN_CMD	iCHOv1	LP2	4	1196.7159225625717	1.4294137954711914
