interface	model	test	replicate	value	time
COIN_CMD	iIT341	LP2	6	285.74522694966106	0.10124754905700684
