interface	model	test	replicate	value	time
COIN_CMD	iML1515	LP2	4	4679.569892678223	0.9827628135681152
