interface	model	test	replicate	value	time
COIN_CMD	iIT341	LP2	5	285.74522694966106	0.11839151382446289
