interface	model	test	replicate	value	time
COIN_CMD	iIT341	LP2	0	285.74522694966106	0.38397884368896484
