interface	model	test	replicate	value	time
COIN_CMD	iML1515	MILP1	6	0.6999462725000002	3876.4546942710876
