interface	model	test	replicate	value	time
COIN_CMD	iCHOv1	MILP2	8	1458.4515999999999	221.53913378715515
