interface	model	test	replicate	value	time
COIN_CMD	iML1515	LP2	7	4679.569892678223	0.5100715160369873
