interface	model	test	replicate	value	time
COIN_CMD	iIT341	MILP2	5	18.5660583144135	0.17846107482910156
