interface	model	test	replicate	value	time
COIN_CMD	iML1515	MILP2	5	163.4838406095204	1986.250906944275
