interface	model	test	replicate	value	time
COIN_CMD	iCHOv1	MILP2	4	1458.4515999999999	200.43227005004883
