interface	model	test	replicate	value	time
COIN_CMD	iCHOv1	MILP2	7	1458.4515999999999	169.72317123413086
