interface	model	test	replicate	value	time
COIN_CMD	iIT341	MILP2	2	18.5660583144135	0.5223937034606934
