interface	model	test	replicate	value	time
COIN_CMD	iML1515	LP2	8	4679.569892678223	0.6983847618103027
