interface	model	test	replicate	value	time
COIN_CMD	iMM904	LP2	4	833.2450824708577	0.28889894485473633
