interface	model	test	replicate	value	time
COIN_CMD	iML1515	MILP1	3	0.6999462725000002	6162.498085737228
