interface	model	test	replicate	value	time
COIN_CMD	iML1515	MILP2	0	163.4838406095204	1671.965183019638
