interface	model	test	replicate	value	time
COIN_CMD	iIT341	LP2	4	285.74522694966106	0.8042032718658447
