interface	model	test	replicate	value	time
COIN_CMD	iIT341	MILP2	0	18.5660583144135	0.16923189163208008
