interface	model	test	replicate	value	time
COIN_CMD	iMM904	LP2	7	833.2450824708577	0.2510952949523926
