interface	model	test	replicate	value	time
COIN_CMD	iML1515	LP2	0	4679.569892678223	0.6919941902160645
