interface	model	test	replicate	value	time
COIN_CMD	iCHOv1	LP2	7	1196.7159225625717	1.764946460723877
