interface	model	test	replicate	value	time
COIN_CMD	iML1515	MILP2	4	163.4838406095204	2475.6656448841095
