interface	model	test	replicate	value	time
COIN_CMD	iML1515	LP2	5	4679.569892678223	0.5261995792388916
