interface	model	test	replicate	value	time
COIN_CMD	iCHOv1	MILP2	0	1458.4515999999999	163.36780452728271
