interface	model	test	replicate	value	time
COIN_CMD	iML1515	MILP1	9	0.6999462725000002	4245.867558717728
