interface	model	test	replicate	value	time
COIN_CMD	iCHOv1	MILP2	3	1458.4515999999999	227.74661135673523
