interface	model	test	replicate	value	time
COIN_CMD	iCHOv1	LP2	2	1196.7159225625717	1.4085264205932617
