interface	model	test	replicate	value	time
COIN_CMD	iIT341	MILP2	6	18.5660583144135	0.27277636528015137
