interface	model	test	replicate	value	time
COIN_CMD	iCHOv1	MILP2	2	1458.4515999999999	239.69079422950745
