interface	model	test	replicate	value	time
COIN_CMD	iML1515	LP2	2	4679.569892678223	0.6688022613525391
