interface	model	test	replicate	value	time
COIN_CMD	iML1515	MILP2	9	163.4838406095204	1855.311734199524
