interface	model	test	replicate	value	time
COIN_CMD	iML1515	MILP1	0	0.6999462725000002	4036.380553007126
