interface	model	test	replicate	value	time
COIN_CMD	iIT341	LP2	1	285.74522694966106	0.10764026641845703
