interface	model	test	replicate	value	time
COIN_CMD	iML1515	LP2	9	4679.569892678223	0.5453567504882812
