interface	model	test	replicate	value	time
COIN_CMD	iML1515	MILP1	4	0.6999462725000002	3851.8792202472687
