interface	model	test	replicate	value	time
COIN_CMD	iIT341	MILP2	1	18.5660583144135	0.27423691749572754
