interface	model	test	replicate	value	time
COIN_CMD	iML1515	MILP2	7	163.4838406095204	1902.514297246933
