interface	model	test	replicate	value	time
COIN_CMD	iML1515	MILP1	8	0.6999462725000002	4249.542852163315
