interface	model	test	replicate	value	time
COIN_CMD	iIT341	LP2	7	285.74522694966106	0.5045344829559326
