interface	model	test	replicate	value	time
COIN_CMD	iIT341	MILP2	3	18.5660583144135	0.1878061294555664
