interface	model	test	replicate	value	time
COIN_CMD	iIT341	LP2	9	285.74522694966106	0.0705258846282959
