interface	model	test	replicate	value	time
COIN_CMD	iMM904	LP2	6	833.2450824708577	0.25238585472106934
