interface	model	test	replicate	value	time
COIN_CMD	iML1515	LP2	1	4679.569892678223	0.8394169807434082
