interface	model	test	replicate	value	time
COIN_CMD	iML1515	MILP2	8	163.4838406095204	2346.9376707077026
