interface	model	test	replicate	value	time
COIN_CMD	iMM904	LP2	2	833.2450824708577	0.34409236907958984
