interface	model	test	replicate	value	time
COIN_CMD	iCHOv1	LP2	1	1196.7159225625717	1.619408130645752
