interface	model	test	replicate	value	time
COIN_CMD	iMM904	LP2	8	833.2450824708577	0.23256158828735352
