interface	model	test	replicate	value	time
COIN_CMD	iML1515	MILP2	6	163.4838406095204	1900.7190148830414
