interface	model	test	replicate	value	time
COIN_CMD	iCHOv1	LP2	5	1196.7159225625717	4.021078824996948
