interface	model	test	replicate	value	time
COIN_CMD	iML1515	MILP1	2	0.6999462725000002	5139.902449607849
