interface	model	test	replicate	value	time
COIN_CMD	iIT341	MILP2	7	18.5660583144135	0.1858663558959961
