interface	model	test	replicate	value	time
COIN_CMD	iMM904	LP2	0	833.2450824708577	0.23890352249145508
