interface	model	test	replicate	value	time
COIN_CMD	iCHOv1	LP2	9	1196.7159225625717	1.9315195083618164
