interface	model	test	replicate	value	time
COIN_CMD	iMM904	LP2	5	833.2450824708577	0.19490838050842285
