interface	model	test	replicate	value	time
COIN_CMD	iIT341	MILP2	4	18.5660583144135	0.1823124885559082
