interface	model	test	replicate	value	time
COIN_CMD	iIT341	MILP2	8	18.5660583144135	0.23870086669921875
