interface	model	test	replicate	value	time
COIN_CMD	iML1515	MILP2	3	163.4838406095204	1684.303920507431
