interface	model	test	replicate	value	time
COIN_CMD	iCHOv1	LP2	6	1196.7159225625717	2.083918809890747
