interface	model	test	replicate	value	time
COIN_CMD	iMM904	LP2	9	833.2450824708577	0.21622228622436523
