interface	model	test	replicate	value	time
CPLEX_PY	iML1515	LP2	0	4679.570105327398	0.3494696617126465
