interface	model	test	replicate	value	time
CPLEX_PY	iIT341	LP2	0	285.74521962744257	0.15965509414672852
