interface	model	test	replicate	value	time
CPLEX_PY	iLB1027	LP2	4	312.5014316081528	0.39527320861816406
