interface	model	test	replicate	value	time
CPLEX_PY	iCHOv1	LP2	5	1196.717228167019	1.1567718982696533
