interface	model	test	replicate	value	time
CPLEX_PY	iLB1027	LP2	9	312.5014316081528	0.376507043838501
