interface	model	test	replicate	value	time
CPLEX_PY	iIT341	MILP2	1	1034.0952000000002	41.82219219207764
