interface	model	test	replicate	value	time
CPLEX_PY	iLB1027	LP1	5	0.21373316977456458	0.1531839370727539
