interface	model	test	replicate	value	time
CPLEX_PY	iMM904	LP2	5	833.2451014821886	0.13956689834594727
