interface	model	test	replicate	value	time
CPLEX_PY	Recon3D	LP1	7	43.28239133966799	0.30306410789489746
