interface	model	test	replicate	value	time
CPLEX_PY	iIT341	LP1	2	0.2918772384925039	0.03120589256286621
