interface	model	test	replicate	value	time
CPLEX_PY	iMM904	LP2	6	833.2451014821886	0.18146014213562012
