interface	model	test	replicate	value	time
CPLEX_PY	iML1515	MILP2	8	858.824563100722	1004.4914112091064
