interface	model	test	replicate	value	time
CPLEX_PY	iCHOv1	LP2	4	1196.717228167019	0.9389171600341797
