interface	model	test	replicate	value	time
CPLEX_PY	iIT341	LP2	6	285.74521962744257	0.0641622543334961
