interface	model	test	replicate	value	time
CPLEX_PY	iML1515	FBA	0	2.99921161371324	0.07954216003417969
