interface	model	test	replicate	value	time
CPLEX_PY	Recon3D	LP1	6	43.28239133966799	1.1993653774261475
