interface	model	test	replicate	value	time
CPLEX_PY	iMM904	LP2	4	833.2451014821886	0.47416210174560547
