interface	model	test	replicate	value	time
CPLEX_PY	iLB1027	LP2	6	312.5014316081528	0.4591798782348633
