interface	model	test	replicate	value	time
CPLEX_PY	iLB1027	LP2	7	312.5014316081528	0.3251509666442871
