interface	model	test	replicate	value	time
CPLEX_PY	iML1515	LP2	2	4679.570105327398	0.2904782295227051
