interface	model	test	replicate	value	time
CPLEX_PY	iCHOv1	LP2	7	1196.7172281670191	1.0802829265594482
