interface	model	test	replicate	value	time
CPLEX_PY	iML1515	MILP1	3	12.000006639999999	268.60678124427795
