interface	model	test	replicate	value	time
CPLEX_PY	iMM904	LP1	9	0.7174219325653098	0.06166839599609375
