interface	model	test	replicate	value	time
CPLEX_PY	iMM904	LP2	2	833.2451014821886	0.18731117248535156
