interface	model	test	replicate	value	time
CPLEX_PY	iLB1027	LP1	6	0.21373316977456458	0.1321725845336914
