interface	model	test	replicate	value	time
CPLEX_PY	iIT341	LP1	5	0.2918772384925039	0.03672385215759277
