interface	model	test	replicate	value	time
CPLEX_PY	Recon3D	LP2	1	23115.01129731584	3.1886162757873535
