interface	model	test	replicate	value	time
CPLEX_PY	iCHOv1	LP1	4	3.915873243198781	0.1347806453704834
