interface	model	test	replicate	value	time
CPLEX_PY	iML1515	MILP1	4	12.000006639999999	257.6884069442749
