interface	model	test	replicate	value	time
CPLEX_PY	Recon3D	LP2	2	23115.01129731584	3.0589356422424316
