interface	model	test	replicate	value	time
CPLEX_PY	iML1515	MILP1	5	12.000006639999999	1055.907392024994
