interface	model	test	replicate	value	time
CPLEX_PY	iML1515	LP2	9	4679.570105327398	0.32457923889160156
