interface	model	test	replicate	value	time
CPLEX_PY	iLB1027	LP1	4	0.21373316977456458	0.14508605003356934
