interface	model	test	replicate	value	time
CPLEX_PY	iML1515	LP2	8	4679.570105327398	0.9520413875579834
