interface	model	test	replicate	value	time
CPLEX_PY	iIT341	LP2	2	285.74521962744257	0.07314944267272949
