interface	model	test	replicate	value	time
CPLEX_PY	iCHOv1	LP1	0	3.915873243198781	0.23205327987670898
