interface	model	test	replicate	value	time
CPLEX_PY	iIT341	LP1	7	0.2918772384925039	0.03341555595397949
