interface	model	test	replicate	value	time
CPLEX_PY	iIT341	MILP2	9	1034.0952000000002	213.93120765686035
