interface	model	test	replicate	value	time
CPLEX_PY	iML1515	LP1	2	2.9992116137132414	0.0796961784362793
