interface	model	test	replicate	value	time
CPLEX_PY	iIT341	MILP2	6	1034.0952000000002	43.44478154182434
