interface	model	test	replicate	value	time
CPLEX_PY	iML1515	MILP1	2	12.000006639999999	1032.6678879261017
