interface	model	test	replicate	value	time
CPLEX_PY	iLB1027	LP2	2	312.5014316081528	0.797534704208374
