interface	model	test	replicate	value	time
CPLEX_PY	iCHOv1	LP1	8	3.915873243198781	0.1927499771118164
