interface	model	test	replicate	value	time
CPLEX_PY	iML1515	LP2	7	4679.570105327398	0.34010934829711914
