interface	model	test	replicate	value	time
CPLEX_PY	iLB1027	LP1	9	0.21373316977456458	0.17407989501953125
