interface	model	test	replicate	value	time
CPLEX_PY	iML1515	MILP2	1	858.824563100722	554.8719518184662
