interface	model	test	replicate	value	time
CPLEX_PY	Recon3D	LP1	8	43.28239133966799	0.2571389675140381
