interface	model	test	replicate	value	time
CPLEX_PY	Recon3D	LP1	9	43.28239133966799	0.30823850631713867
