interface	model	test	replicate	value	time
CPLEX_PY	iIT341	LP2	4	285.74521962744257	0.07497954368591309
