interface	model	test	replicate	value	time
CPLEX_PY	iML1515	MILP2	9	858.824563100722	1116.7798109054565
