interface	model	test	replicate	value	time
CPLEX_PY	iIT341	LP1	8	0.2918772384925039	0.018898725509643555
