interface	model	test	replicate	value	time
CPLEX_PY	iIT341	LP2	9	285.74521962744257	0.1029512882232666
