interface	model	test	replicate	value	time
CPLEX_PY	iML1515	LP2	5	4679.570105327398	0.4600863456726074
