interface	model	test	replicate	value	time
CPLEX_PY	iCHOv1	LP1	5	3.915873243198781	0.20534539222717285
