interface	model	test	replicate	value	time
CPLEX_PY	iCHOv1	LP2	0	1196.717228167019	1.7668631076812744
