interface	model	test	replicate	value	time
CPLEX_PY	iCHOv1	LP2	2	1196.7172281670191	1.0739171504974365
