interface	model	test	replicate	value	time
CPLEX_PY	iIT341	LP2	7	285.74521962744257	0.6167936325073242
