interface	model	test	replicate	value	time
CPLEX_PY	iIT341	LP1	9	0.2918772384925039	0.043807268142700195
