interface	model	test	replicate	value	time
CPLEX_PY	iML1515	LP2	6	4679.570105327398	0.3338005542755127
