interface	model	test	replicate	value	time
CPLEX_PY	iMM904	LP2	7	833.2451014821886	0.14255452156066895
