interface	model	test	replicate	value	time
CPLEX_PY	iIT341	MILP2	4	1034.0952000000002	204.33163046836853
