interface	model	test	replicate	value	time
CPLEX_PY	iMM904	LP2	8	833.2451014821886	0.15276050567626953
