interface	model	test	replicate	value	time
CPLEX_PY	iMM904	LP1	1	0.7174219325653098	0.3861691951751709
