interface	model	test	replicate	value	time
CPLEX_PY	iMM904	LP1	5	0.7174219325653098	0.059615373611450195
