interface	model	test	replicate	value	time
CPLEX_PY	iCHOv1	LP1	3	3.915873243198781	0.21298480033874512
