interface	model	test	replicate	value	time
CPLEX_PY	iML1515	LP1	7	2.9992116137132414	0.1307051181793213
