interface	model	test	replicate	value	time
CPLEX_PY	iIT341	MILP2	8	1034.0952000000002	204.26947903633118
