interface	model	test	replicate	value	time
CPLEX_PY	iMM904	LP1	6	0.7174219325653098	0.06471562385559082
