interface	model	test	replicate	value	time
CPLEX_PY	iML1515	LP1	3	2.9992116137132414	0.09100103378295898
