interface	model	test	replicate	value	time
CPLEX_PY	iML1515	MILP1	0	12.000006639999999	996.2288548946381
