interface	model	test	replicate	value	time
CPLEX_PY	Recon3D	LP2	5	23115.01129731584	2.5638718605041504
