interface	model	test	replicate	value	time
CPLEX_PY	iIT341	MILP2	0	1034.0952000000002	199.473867893219
