interface	model	test	replicate	value	time
CPLEX_PY	iIT341	MILP2	2	1034.0952000000002	204.352365732193
