interface	model	test	replicate	value	time
CPLEX_PY	iML1515	MILP2	4	858.824563100722	597.4510712623596
