interface	model	test	replicate	value	time
CPLEX_PY	iLB1027	LP2	5	312.5014316081528	0.420576810836792
