interface	model	test	replicate	value	time
CPLEX_PY	iCHOv1	LP2	9	1196.717228167019	2.2729456424713135
