interface	model	test	replicate	value	time
CPLEX_PY	Recon3D	LP2	3	23115.01129731584	2.9292123317718506
