interface	model	test	replicate	value	time
CPLEX_PY	iMM904	LP1	7	0.7174219325653098	0.29545164108276367
