interface	model	test	replicate	value	time
CPLEX_PY	iLB1027	LP1	0	0.21373316977456458	0.6868348121643066
