interface	model	test	replicate	value	time
CPLEX_PY	iML1515	MILP1	9	12.000006639999999	74.21219396591187
