interface	model	test	replicate	value	time
CPLEX_PY	iIT341	MILP2	7	1034.0952000000002	205.47137594223022
