interface	model	test	replicate	value	time
CPLEX_PY	iLB1027	LP1	8	0.21373316977456458	0.11397361755371094
