interface	model	test	replicate	value	time
CPLEX_PY	iML1515	MILP2	6	858.824563100722	568.8800740242004
