interface	model	test	replicate	value	time
CPLEX_PY	Recon3D	LP1	3	43.28239133966799	0.3627161979675293
