interface	model	test	replicate	value	time
CPLEX_PY	iLB1027	LP1	7	0.21373316977456458	0.3136417865753174
