interface	model	test	replicate	value	time
CPLEX_PY	iML1515	MILP1	8	12.000006639999999	980.28333568573
