interface	model	test	replicate	value	time
CPLEX_PY	iML1515	LP2	4	4679.570105327398	0.3837764263153076
