interface	model	test	replicate	value	time
CPLEX_PY	iML1515	LP1	6	2.9992116137132414	0.09557223320007324
