interface	model	test	replicate	value	time
CPLEX_PY	iML1515	MILP2	7	873.882063100722	84.39607882499695
