interface	model	test	replicate	value	time
CPLEX_PY	Recon3D	LP1	2	43.28239133966799	0.29931211471557617
