interface	model	test	replicate	value	time
CPLEX_PY	iML1515	LP1	1	2.9992116137132414	0.15059542655944824
