interface	model	test	replicate	value	time
CPLEX_PY	iLB1027	LP2	3	312.5014316081528	0.43036365509033203
