interface	model	test	replicate	value	time
CPLEX_PY	iCHOv1	LP2	6	1196.717228167019	0.9899859428405762
