interface	model	test	replicate	value	time
CPLEX_PY	iML1515	MILP2	5	873.882063100722	80.88274931907654
