interface	model	test	replicate	value	time
CPLEX_PY	iIT341	LP2	3	285.74521962744257	0.13387799263000488
