interface	model	test	replicate	value	time
CPLEX_PY	iLB1027	LP1	2	0.21373316977456458	0.15794968605041504
