interface	model	test	replicate	value	time
CPLEX_PY	iIT341	LP2	8	285.74521962744257	0.08386945724487305
