interface	model	test	replicate	value	time
CPLEX_PY	iMM904	LP1	0	0.7174219325653098	0.12382268905639648
