interface	model	test	replicate	value	time
CPLEX_PY	iML1515	LP2	3	4679.570105327398	0.510828971862793
