interface	model	test	replicate	value	time
CPLEX_PY	iCHOv1	LP1	9	3.915873243198781	0.19778943061828613
