interface	model	test	replicate	value	time
CPLEX_PY	Recon3D	LP2	9	23115.01129731584	2.8459272384643555
