interface	model	test	replicate	value	time
CPLEX_PY	iMM904	LP2	1	833.2451014821886	0.15430998802185059
