interface	model	test	replicate	value	time
CPLEX_PY	iLB1027	LP1	1	0.21373316977456458	0.13404536247253418
