interface	model	test	replicate	value	time
CPLEX_PY	Recon3D	LP2	4	23115.01129731584	2.9577484130859375
