interface	model	test	replicate	value	time
CPLEX_PY	iCHOv1	LP1	7	3.915873243198781	0.21030783653259277
