interface	model	test	replicate	value	time
CPLEX_PY	iLB1027	LP2	8	312.5014316081528	0.6689050197601318
