interface	model	test	replicate	value	time
CPLEX_PY	iML1515	MILP2	2	828.7986631007219	280.6230640411377
