interface	model	test	replicate	value	time
CPLEX_PY	iMM904	LP1	2	0.7174219325653098	0.1281740665435791
