interface	model	test	replicate	value	time
CPLEX_PY	iIT341	MILP2	3	1034.0952000000002	227.29481410980225
