interface	model	test	replicate	value	time
CPLEX_PY	iMM904	LP1	8	0.7174219325653098	0.04816913604736328
