interface	model	test	replicate	value	time
CPLEX_PY	iML1515	LP1	8	2.9992116137132414	0.16229987144470215
