interface	model	test	replicate	value	time
CPLEX_PY	iIT341	LP2	1	285.74521962744257	0.4209897518157959
