interface	model	test	replicate	value	time
CPLEX_PY	iML1515	MILP1	7	12.000006639999999	958.0958187580109
