interface	model	test	replicate	value	time
CPLEX_PY	iML1515	MILP2	0	858.824563100722	550.6863691806793
