interface	model	test	replicate	value	time
CPLEX_PY	iLB1027	LP2	0	312.5014316081528	0.4763164520263672
