interface	model	test	replicate	value	time
CPLEX_PY	iIT341	LP1	6	0.2918772384925039	0.10605096817016602
