interface	model	test	replicate	value	time
CPLEX_PY	iCHOv1	LP1	1	3.915873243198781	1.1625738143920898
