interface	model	test	replicate	value	time
CPLEX_PY	Recon3D	LP1	4	43.28239133966799	0.33304309844970703
