interface	model	test	replicate	value	time
CPLEX_PY	iMM904	LP2	0	833.2451014821886	0.6506381034851074
