interface	model	test	replicate	value	time
CPLEX_PY	iIT341	LP1	3	0.2918772384925039	0.12722992897033691
