interface	model	test	replicate	value	time
CPLEX_PY	iIT341	LP1	0	0.2918772384925039	0.2406902313232422
