interface	model	test	replicate	value	time
CPLEX_PY	iMM904	LP1	4	0.7174219325653098	0.08511996269226074
