interface	model	test	replicate	value	time
CPLEX_PY	iLB1027	LP2	1	312.5014316081528	0.5357303619384766
