interface	model	test	replicate	value	time
CPLEX_PY	iMM904	LP2	9	833.2451014821886	0.19045305252075195
