interface	model	test	replicate	value	time
CPLEX_PY	iIT341	LP1	4	0.2918772384925039	0.10956120491027832
