interface	model	test	replicate	value	time
CPLEX_PY	iCHOv1	LP2	3	1196.717228167019	3.2350451946258545
