interface	model	test	replicate	value	time
CPLEX_PY	Recon3D	LP2	0	23115.01129731584	2.5927681922912598
