interface	model	test	replicate	value	time
CPLEX_PY	iML1515	MILP1	1	12.000006639999999	259.63895988464355
