interface	model	test	replicate	value	time
CPLEX_PY	iCHOv1	LP2	8	1196.7172281670191	1.033994197845459
