interface	model	test	replicate	value	time
CPLEX_PY	iIT341	LP1	1	0.2918772384925039	0.12011837959289551
