interface	model	test	replicate	value	time
CPLEX_PY	Recon3D	LP1	5	43.28239133966799	0.32779479026794434
