interface	model	test	replicate	value	time
CPLEX_PY	iIT341	LP2	5	285.74521962744257	0.07220315933227539
