interface	model	test	replicate	value	time
CPLEX_PY	iMM904	LP1	3	0.7174219325653098	0.05533337593078613
