interface	model	test	replicate	value	time
CPLEX_PY	iML1515	LP1	9	2.9992116137132414	0.07816195487976074
