interface	model	test	replicate	value	time
CPLEX_PY	iMM904	LP2	3	833.2451014821886	0.32050442695617676
