interface	model	test	replicate	value	time
CPLEX_PY	iML1515	MILP2	3	858.824563100722	576.9243378639221
