interface	model	test	replicate	value	time
CPLEX_PY	iIT341	MILP2	5	1034.0952000000002	216.39289617538452
