interface	model	test	replicate	value	time
CPLEX_PY	Recon3D	LP1	0	43.28239133966799	0.39008259773254395
