interface	model	test	replicate	value	time
CPLEX_PY	iLB1027	LP1	3	0.21373316977456458	0.1432325839996338
