interface	model	test	replicate	value	time
GLPK_CMD	iCHOv1	LP2	6	1196.7159542799998	2.7577836513519287
