interface	model	test	replicate	value	time
GLPK_CMD	iCHOv1	MILP2	0	1458.4515999999999	14.880218505859375
