interface	model	test	replicate	value	time
GLPK_CMD	iCHOv1	MILP2	3	1458.4515999999999	12.961625099182129
