interface	model	test	replicate	value	time
GLPK_CMD	iIT341	LP2	0	285.74411430932946	0.08566498756408691
