interface	model	test	replicate	value	time
GLPK_CMD	iLB1027	LP2	5	312.50005914489975	0.8420050144195557
