interface	model	test	replicate	value	time
GLPK_CMD	iLB1027	LP2	1	312.50005914489975	0.732177734375
