interface	model	test	replicate	value	time
GLPK_CMD	iCHOv1	MILP2	8	1458.4515999999999	12.849493265151978
