interface	model	test	replicate	value	time
GLPK_CMD	iIT341	LP2	1	285.74411430932946	0.23753786087036133
