interface	model	test	replicate	value	time
GLPK_CMD	iCHOv1	MILP2	1	1458.4515999999999	14.800533771514893
