interface	model	test	replicate	value	time
GLPK_CMD	iML1515	LP2	1	4679.5457945350645	0.6761758327484131
