interface	model	test	replicate	value	time
GLPK_CMD	iLB1027	LP2	9	312.50005914489975	1.015742540359497
