interface	model	test	replicate	value	time
GLPK_CMD	iCHOv1	LP2	3	1196.7159542799998	2.776111364364624
