interface	model	test	replicate	value	time
GLPK_CMD	iIT341	LP2	7	285.74411430932946	0.08883881568908691
