interface	model	test	replicate	value	time
GLPK_CMD	iIT341	LP2	6	285.74411430932946	0.08733391761779785
