interface	model	test	replicate	value	time
GLPK_CMD	iIT341	LP2	4	285.74411430932946	0.09238886833190918
