interface	model	test	replicate	value	time
GLPK_CMD	iCHOv1	LP2	7	1196.7159542799998	2.2303850650787354
