interface	model	test	replicate	value	time
GLPK_CMD	iCHOv1	MILP2	9	1458.4515999999999	13.344538927078247
