interface	model	test	replicate	value	time
GLPK_CMD	iIT341	LP2	5	285.74411430932946	0.08609580993652344
