interface	model	test	replicate	value	time
GLPK_CMD	iLB1027	LP2	4	312.50005914489975	0.6496517658233643
