interface	model	test	replicate	value	time
GLPK_CMD	iCHOv1	LP2	1	1196.7159542799998	2.5404903888702393
