interface	model	test	replicate	value	time
GLPK_CMD	iIT341	LP2	2	285.74411430932946	0.11036276817321777
