interface	model	test	replicate	value	time
GLPK_CMD	iCHOv1	MILP2	7	1458.4515999999999	17.443018198013306
