interface	model	test	replicate	value	time
GLPK_CMD	iCHOv1	LP2	9	1196.7159542799998	2.1981301307678223
