interface	model	test	replicate	value	time
GLPK_CMD	iCHOv1	LP2	4	1196.7159542799998	2.2293949127197266
