interface	model	test	replicate	value	time
GLPK_CMD	iML1515	LP2	7	4679.5457945350645	0.61623215675354
