interface	model	test	replicate	value	time
GLPK_CMD	iCHOv1	LP2	5	1196.7159542799998	2.0859415531158447
