interface	model	test	replicate	value	time
GLPK_CMD	iML1515	LP2	5	4679.5457945350645	0.4995088577270508
