interface	model	test	replicate	value	time
GLPK_CMD	iML1515	LP2	0	4679.5457945350645	0.6674654483795166
