interface	model	test	replicate	value	time
GLPK_CMD	iIT341	LP2	3	285.74411430932946	0.10390090942382812
