interface	model	test	replicate	value	time
GLPK_CMD	iCHOv1	LP2	0	1196.7159542799998	1.8559443950653076
