interface	model	test	replicate	value	time
GLPK_CMD	iLB1027	LP2	6	312.50005914489975	0.6444380283355713
