interface	model	test	replicate	value	time
GLPK_CMD	iML1515	LP2	2	4679.5457945350645	0.6684763431549072
