interface	model	test	replicate	value	time
GLPK_CMD	iLB1027	LP2	3	312.50005914489975	0.7823867797851562
