interface	model	test	replicate	value	time
GLPK_CMD	iCHOv1	MILP2	5	1458.4515999999999	19.704952478408813
