interface	model	test	replicate	value	time
GLPK_CMD	iCHOv1	MILP2	2	1458.4515999999999	17.364487886428833
