interface	model	test	replicate	value	time
GLPK_CMD	iIT341	LP2	8	285.74411430932946	0.1033792495727539
