interface	model	test	replicate	value	time
GLPK_CMD	iML1515	LP2	4	4679.5457945350645	0.5257728099822998
