interface	model	test	replicate	value	time
GLPK_CMD	iLB1027	LP2	2	312.50005914489975	0.6634166240692139
