interface	model	test	replicate	value	time
GLPK_CMD	iIT341	LP2	9	285.74411430932946	0.1091463565826416
