interface	model	test	replicate	value	time
GLPK_CMD	iCHOv1	LP2	8	1196.7159542799998	2.2167177200317383
