interface	model	test	replicate	value	time
GLPK_CMD	iLB1027	LP2	7	312.50005914489975	0.6415400505065918
