interface	model	test	replicate	value	time
GLPK_CMD	iLB1027	LP2	0	312.50005914489975	0.675976037979126
