interface	model	test	replicate	value	time
GLPK_CMD	iCHOv1	LP2	2	1196.7159542799998	2.256375312805176
