interface	model	test	replicate	value	time
HiGHS_CMD	iIT341	LP2	9	285.74521962742523	0.22192764282226562
