interface	model	test	replicate	value	time
HiGHS_CMD	iMM904	LP2	6	833.2451014821263	0.25028204917907715
