interface	model	test	replicate	value	time
HiGHS_CMD	iLB1027	LP1	1	0.2137331697746	0.24489426612854004
