interface	model	test	replicate	value	time
HiGHS_CMD	iML1515	MILP2	1	1246.7107000000003	2.718841552734375
