interface	model	test	replicate	value	time
HiGHS_CMD	iIT341	LP1	7	0.2918772384925	0.051804542541503906
