interface	model	test	replicate	value	time
HiGHS_CMD	Recon3D	LP2	7	23115.011297353867	3.3398725986480713
