interface	model	test	replicate	value	time
HiGHS_CMD	iML1515	LP1	2	2.9992116137132	0.1481163501739502
