interface	model	test	replicate	value	time
HiGHS_CMD	iML1515	LP2	9	4679.570105323352	0.3824493885040283
