interface	model	test	replicate	value	time
HiGHS_CMD	iCHOv1	LP2	4	1196.7172281671103	1.377978801727295
