interface	model	test	replicate	value	time
HiGHS_CMD	iCHOv1	LP2	0	1196.7172281671103	1.1208887100219727
