interface	model	test	replicate	value	time
HiGHS_CMD	iLB1027	LP1	9	0.2137331697746	0.2452259063720703
