interface	model	test	replicate	value	time
HiGHS_CMD	iMM904	LP1	3	0.7174219325653	0.1307821273803711
