interface	model	test	replicate	value	time
HiGHS_CMD	iIT341	LP1	6	0.2918772384925	0.06481528282165527
