interface	model	test	replicate	value	time
HiGHS_CMD	iML1515	LP2	7	4679.570105323352	0.37136363983154297
