interface	model	test	replicate	value	time
HiGHS_CMD	iLB1027	LP2	0	312.50143160843766	0.8813204765319824
