interface	model	test	replicate	value	time
HiGHS_CMD	iML1515	LP1	6	2.9992116137132	0.1347973346710205
