interface	model	test	replicate	value	time
HiGHS_CMD	iCHOv1	LP2	9	1196.7172281671103	1.4301064014434814
