interface	model	test	replicate	value	time
HiGHS_CMD	iML1515	MILP2	8	1246.7107000000003	3.9118425846099854
