interface	model	test	replicate	value	time
HiGHS_CMD	iML1515	MILP2	3	1246.7107000000003	2.7340381145477295
