interface	model	test	replicate	value	time
HiGHS_CMD	iMM904	LP2	0	833.2451014821263	0.3270108699798584
