interface	model	test	replicate	value	time
HiGHS_CMD	iML1515	LP2	8	4679.570105323352	0.6947059631347656
