interface	model	test	replicate	value	time
HiGHS_CMD	iML1515	MILP2	9	1246.7107000000003	2.9862966537475586
