interface	model	test	replicate	value	time
HiGHS_CMD	iMM904	LP1	6	0.7174219325653	0.09076333045959473
