interface	model	test	replicate	value	time
HiGHS_CMD	iIT341	LP1	0	0.2918772384925	0.08074736595153809
