interface	model	test	replicate	value	time
HiGHS_CMD	iCHOv1	LP2	5	1196.7172281671103	1.0682106018066406
