interface	model	test	replicate	value	time
HiGHS_CMD	iLB1027	LP2	8	312.50143160843766	0.5609345436096191
