interface	model	test	replicate	value	time
HiGHS_CMD	iIT341	LP2	0	285.74521962742523	0.15656018257141113
