interface	model	test	replicate	value	time
HiGHS_CMD	iMM904	LP1	8	0.7174219325653	0.08723568916320801
