interface	model	test	replicate	value	time
HiGHS_CMD	iML1515	LP2	0	4679.570105323352	0.3691139221191406
