interface	model	test	replicate	value	time
HiGHS_CMD	iMM904	LP2	9	833.2451014821263	0.2742133140563965
