interface	model	test	replicate	value	time
HiGHS_CMD	iCHOv1	LP2	8	1196.7172281671103	1.4239888191223145
