interface	model	test	replicate	value	time
HiGHS_CMD	iLB1027	LP2	5	312.50143160843766	0.6112780570983887
