interface	model	test	replicate	value	time
HiGHS_CMD	iCHOv1	LP2	7	1196.7172281671103	1.4687509536743164
