interface	model	test	replicate	value	time
HiGHS_CMD	iMM904	LP2	2	833.2451014821263	0.27017831802368164
