interface	model	test	replicate	value	time
HiGHS_CMD	iML1515	LP2	3	4679.570105323352	0.47147297859191895
