interface	model	test	replicate	value	time
HiGHS_CMD	iIT341	LP2	5	285.74521962742523	0.1528034210205078
