interface	model	test	replicate	value	time
HiGHS_CMD	iIT341	LP2	1	285.74521962742523	0.15587401390075684
