interface	model	test	replicate	value	time
HiGHS_CMD	iLB1027	LP1	3	0.2137331697746	0.2415311336517334
