interface	model	test	replicate	value	time
HiGHS_CMD	iIT341	LP2	8	285.74521962742523	0.15432047843933105
