interface	model	test	replicate	value	time
HiGHS_CMD	iML1515	LP2	2	4679.570105323352	0.42383646965026855
