interface	model	test	replicate	value	time
HiGHS_CMD	iMM904	LP2	7	833.2451014821263	0.33389997482299805
