interface	model	test	replicate	value	time
HiGHS_CMD	iML1515	MILP2	6	1246.7107000000003	2.8520917892456055
