interface	model	test	replicate	value	time
HiGHS_CMD	iIT341	LP2	3	285.74521962742523	0.14457964897155762
