interface	model	test	replicate	value	time
HiGHS_CMD	iMM904	LP1	5	0.7174219325653	0.13713717460632324
