interface	model	test	replicate	value	time
HiGHS_CMD	iML1515	LP2	5	4679.570105323352	0.43257856369018555
