interface	model	test	replicate	value	time
HiGHS_CMD	Recon3D	LP2	2	23115.011297353867	3.3090529441833496
