interface	model	test	replicate	value	time
HiGHS_CMD	iML1515	MILP2	4	1246.7107000000003	3.130187749862671
