interface	model	test	replicate	value	time
HiGHS_CMD	iMM904	LP2	4	833.2451014821263	0.30051708221435547
