interface	model	test	replicate	value	time
HiGHS_CMD	iMM904	LP1	0	0.7174219325653	0.1597898006439209
