interface	model	test	replicate	value	time
HiGHS_CMD	iML1515	LP1	3	2.9992116137132	0.18256354331970215
