interface	model	test	replicate	value	time
HiGHS_CMD	iMM904	LP1	2	0.7174219325653	0.08627104759216309
