interface	model	test	replicate	value	time
HiGHS_CMD	iIT341	LP1	5	0.2918772384925	0.06622743606567383
