interface	model	test	replicate	value	time
HiGHS_CMD	iIT341	LP1	9	0.2918772384925	0.04863142967224121
