interface	model	test	replicate	value	time
HiGHS_CMD	iCHOv1	LP2	1	1196.7172281671103	1.954629898071289
