interface	model	test	replicate	value	time
HiGHS_CMD	iIT341	LP2	6	285.74521962742523	0.1548776626586914
