interface	model	test	replicate	value	time
HiGHS_CMD	iIT341	LP2	2	285.74521962742523	0.13067126274108887
