interface	model	test	replicate	value	time
HiGHS_CMD	iLB1027	LP1	7	0.2137331697746	0.29738306999206543
