interface	model	test	replicate	value	time
HiGHS_CMD	iLB1027	LP1	4	0.2137331697746	0.24929141998291016
