interface	model	test	replicate	value	time
HiGHS_CMD	iLB1027	LP2	1	312.50143160843766	0.6290643215179443
