interface	model	test	replicate	value	time
HiGHS_CMD	iML1515	LP1	9	2.9992116137132	0.16982078552246094
