interface	model	test	replicate	value	time
HiGHS_CMD	iLB1027	LP2	9	312.50143160843766	0.6639890670776367
