interface	model	test	replicate	value	time
HiGHS_CMD	iMM904	LP2	8	833.2451014821263	0.30965185165405273
