interface	model	test	replicate	value	time
HiGHS_CMD	iML1515	LP1	0	2.9992116137132	0.12636971473693848
