interface	model	test	replicate	value	time
HiGHS_CMD	iML1515	MILP2	5	1246.7107000000003	3.034233570098877
