interface	model	test	replicate	value	time
HiGHS_CMD	iMM904	LP1	4	0.7174219325653	0.11283302307128906
