interface	model	test	replicate	value	time
HiGHS_CMD	iLB1027	LP2	7	312.50143160843766	0.7779045104980469
