interface	model	test	replicate	value	time
HiGHS_CMD	iCHOv1	LP2	2	1196.7172281671103	1.2168323993682861
