interface	model	test	replicate	value	time
HiGHS_CMD	iIT341	LP2	7	285.74521962742523	0.20801496505737305
