interface	model	test	replicate	value	time
HiGHS_CMD	iML1515	LP1	7	2.9992116137132	0.15048480033874512
