interface	model	test	replicate	value	time
HiGHS_CMD	iLB1027	LP1	2	0.2137331697746	0.28717851638793945
