interface	model	test	replicate	value	time
HiGHS_CMD	iML1515	MILP2	2	1246.7107000000003	3.087242364883423
