interface	model	test	replicate	value	time
HiGHS_CMD	iML1515	LP2	1	4679.570105323352	0.4227735996246338
