interface	model	test	replicate	value	time
HiGHS_CMD	iML1515	LP1	4	2.9992116137132	0.13701391220092773
