interface	model	test	replicate	value	time
HiGHS_CMD	iMM904	LP2	1	833.2451014821263	0.34105944633483887
