interface	model	test	replicate	value	time
HiGHS_CMD	iIT341	LP1	3	0.2918772384925	0.07890796661376953
