interface	model	test	replicate	value	time
HiGHS_CMD	iMM904	LP1	7	0.7174219325653	0.16490960121154785
