interface	model	test	replicate	value	time
HiGHS_CMD	iLB1027	LP2	2	312.50143160843766	0.6233639717102051
