interface	model	test	replicate	value	time
HiGHS_CMD	iML1515	LP2	4	4679.570105323352	0.396193265914917
