interface	model	test	replicate	value	time
HiGHS_CMD	iCHOv1	LP2	3	1196.7172281671103	1.528003215789795
