interface	model	test	replicate	value	time
HiGHS_CMD	iML1515	LP1	8	2.9992116137132	0.18115520477294922
