interface	model	test	replicate	value	time
HiGHS_CMD	iLB1027	LP1	8	0.2137331697746	0.25881505012512207
