interface	model	test	replicate	value	time
HiGHS_CMD	iIT341	LP1	1	0.2918772384925	0.07484054565429688
