interface	model	test	replicate	value	time
HiGHS_CMD	iMM904	LP1	9	0.7174219325653	0.08653759956359863
