interface	model	test	replicate	value	time
HiGHS_CMD	iLB1027	LP1	0	0.2137331697746	0.22478151321411133
