interface	model	test	replicate	value	time
HiGHS_CMD	iML1515	LP1	1	2.9992116137132	0.21142339706420898
