interface	model	test	replicate	value	time
HiGHS_CMD	iIT341	LP1	8	0.2918772384925	0.06960296630859375
