interface	model	test	replicate	value	time
HiGHS_CMD	iMM904	LP2	5	833.2451014821263	0.23835039138793945
