interface	model	test	replicate	value	time
HiGHS_CMD	iMM904	LP1	1	0.7174219325653	0.10592007637023926
