interface	model	test	replicate	value	time
HiGHS_CMD	iMM904	LP2	3	833.2451014821263	0.2801082134246826
