interface	model	test	replicate	value	time
HiGHS_CMD	iIT341	LP1	4	0.2918772384925	0.07929801940917969
