interface	model	test	replicate	value	time
HiGHS_CMD	iML1515	LP2	6	4679.570105323352	0.4085509777069092
