interface	model	test	replicate	value	time
HiGHS_CMD	iML1515	LP1	5	2.9992116137132	0.18896722793579102
