interface	model	test	replicate	value	time
HiGHS_CMD	iML1515	MILP2	0	1246.7107000000003	3.7112720012664795
