interface	model	test	replicate	value	time
HiGHS_CMD	iIT341	LP2	4	285.74521962742523	0.2798774242401123
