interface	model	test	replicate	value	time
SCIP_CMD	iML1515	LP2	6	4679.570105273193	0.8321328163146973
