interface	model	test	replicate	value	time
SCIP_CMD	Recon3D	LP2	3	23115.011297913912	10.278488636016846
