interface	model	test	replicate	value	time
SCIP_CMD	iCHOv1	LP2	2	1196.7172281653627	2.618455410003662
