interface	model	test	replicate	value	time
SCIP_CMD	iML1515	LP2	0	4679.570105273193	1.2626445293426514
