interface	model	test	replicate	value	time
SCIP_CMD	iMM904	LP2	0	833.2451014799778	0.508387565612793
