interface	model	test	replicate	value	time
SCIP_CMD	iMM904	LP1	4	0.717421932565265	0.12101125717163086
