interface	model	test	replicate	value	time
SCIP_CMD	iIT341	LP2	8	285.7452196300907	0.13598155975341797
