interface	model	test	replicate	value	time
SCIP_CMD	iML1515	LP2	7	4679.570105273193	1.2432878017425537
