interface	model	test	replicate	value	time
SCIP_CMD	iCHOv1	LP2	5	1196.7172281653627	2.6915221214294434
