interface	model	test	replicate	value	time
SCIP_CMD	Recon3D	LP2	7	23115.011297913912	11.850139379501343
