interface	model	test	replicate	value	time
SCIP_CMD	iCHOv1	LP2	6	1196.7172281653627	2.2711052894592285
