interface	model	test	replicate	value	time
SCIP_CMD	iMM904	LP1	1	0.717421932565265	0.5264434814453125
