interface	model	test	replicate	value	time
SCIP_CMD	iIT341	LP1	8	0.291877238492504	0.07846951484680176
