interface	model	test	replicate	value	time
SCIP_CMD	iCHOv1	MILP2	2	1458.4515999999999	1.1555156707763672
