interface	model	test	replicate	value	time
SCIP_CMD	iLB1027	LP2	3	312.5014316118074	1.6935739517211914
