interface	model	test	replicate	value	time
SCIP_CMD	iMM904	LP1	2	0.717421932565265	0.11659884452819824
