interface	model	test	replicate	value	time
SCIP_CMD	iLB1027	LP1	6	0.213733169774569	0.5435206890106201
