interface	model	test	replicate	value	time
SCIP_CMD	iCHOv1	MILP2	7	1458.4515999999999	1.7272367477416992
