interface	model	test	replicate	value	time
SCIP_CMD	iIT341	LP1	3	0.291877238492504	0.0777888298034668
