interface	model	test	replicate	value	time
SCIP_CMD	iML1515	LP2	2	4679.570105273193	1.1933703422546387
