interface	model	test	replicate	value	time
SCIP_CMD	iIT341	LP2	3	285.7452196300907	0.19310283660888672
