interface	model	test	replicate	value	time
SCIP_CMD	Recon3D	LP2	6	23115.011297913912	8.090895652770996
