interface	model	test	replicate	value	time
SCIP_CMD	iIT341	LP1	9	0.291877238492504	0.061661481857299805
