interface	model	test	replicate	value	time
SCIP_CMD	iML1515	LP1	4	2.99921161371325	0.3032345771789551
