interface	model	test	replicate	value	time
SCIP_CMD	iIT341	LP2	9	285.7452196300907	0.2146155834197998
