interface	model	test	replicate	value	time
SCIP_CMD	iML1515	LP2	9	4679.570105273193	0.6915791034698486
