interface	model	test	replicate	value	time
SCIP_CMD	iIT341	LP2	7	285.7452196300907	0.13546299934387207
