interface	model	test	replicate	value	time
SCIP_CMD	iIT341	LP1	4	0.291877238492504	0.10704827308654785
