interface	model	test	replicate	value	time
SCIP_CMD	iLB1027	LP1	4	0.213733169774569	0.49459338188171387
