interface	model	test	replicate	value	time
SCIP_CMD	iLB1027	LP1	2	0.213733169774569	0.39229297637939453
