interface	model	test	replicate	value	time
SCIP_CMD	iMM904	LP2	5	833.2451014799778	0.46015262603759766
