interface	model	test	replicate	value	time
SCIP_CMD	iMM904	LP2	1	833.2451014799778	0.45852136611938477
