interface	model	test	replicate	value	time
SCIP_CMD	iCHOv1	LP2	3	1196.7172281653627	2.343066453933716
