interface	model	test	replicate	value	time
SCIP_CMD	iLB1027	LP2	5	312.5014316118074	0.9726765155792236
