interface	model	test	replicate	value	time
SCIP_CMD	iML1515	LP1	8	2.99921161371325	0.28101181983947754
