interface	model	test	replicate	value	time
SCIP_CMD	iMM904	LP1	6	0.717421932565265	0.12569761276245117
