interface	model	test	replicate	value	time
SCIP_CMD	iIT341	LP2	5	285.7452196300907	0.32331323623657227
