interface	model	test	replicate	value	time
SCIP_CMD	iLB1027	LP2	9	312.5014316118074	1.1647288799285889
