interface	model	test	replicate	value	time
SCIP_CMD	iLB1027	LP1	5	0.213733169774569	0.36902523040771484
