interface	model	test	replicate	value	time
SCIP_CMD	iIT341	LP1	7	0.291877238492504	0.0829768180847168
