interface	model	test	replicate	value	time
SCIP_CMD	iML1515	LP1	9	2.99921161371325	0.32402515411376953
