interface	model	test	replicate	value	time
SCIP_CMD	iCHOv1	LP1	9	3.91587324319878	0.44649243354797363
