interface	model	test	replicate	value	time
SCIP_CMD	iLB1027	LP1	0	0.213733169774569	0.6650009155273438
