interface	model	test	replicate	value	time
SCIP_CMD	iCHOv1	MILP2	9	1458.4515999999999	0.8690736293792725
