interface	model	test	replicate	value	time
SCIP_CMD	iLB1027	LP1	7	0.213733169774569	0.7315878868103027
