interface	model	test	replicate	value	time
SCIP_CMD	iLB1027	LP1	9	0.213733169774569	0.38222169876098633
