interface	model	test	replicate	value	time
SCIP_CMD	Recon3D	LP2	9	23115.011297913912	10.28555679321289
