interface	model	test	replicate	value	time
SCIP_CMD	iMM904	LP2	9	833.2451014799778	0.46146082878112793
