interface	model	test	replicate	value	time
SCIP_CMD	iLB1027	LP1	8	0.213733169774569	0.4672534465789795
