interface	model	test	replicate	value	time
SCIP_CMD	iML1515	LP1	3	2.99921161371325	0.26410460472106934
