interface	model	test	replicate	value	time
SCIP_CMD	Recon3D	LP2	5	23115.011297913912	11.573714971542358
