interface	model	test	replicate	value	time
SCIP_CMD	iMM904	LP1	8	0.717421932565265	0.12068939208984375
