interface	model	test	replicate	value	time
SCIP_CMD	Recon3D	LP2	8	23115.011297913912	9.960309505462646
