interface	model	test	replicate	value	time
SCIP_CMD	iIT341	LP2	4	285.7452196300907	0.15836763381958008
