interface	model	test	replicate	value	time
SCIP_CMD	iCHOv1	MILP2	4	1458.4515999999999	1.0830419063568115
