interface	model	test	replicate	value	time
SCIP_CMD	iCHOv1	MILP2	1	1458.4515999999999	1.0813519954681396
