interface	model	test	replicate	value	time
SCIP_CMD	iMM904	LP2	6	833.2451014799778	0.43781590461730957
