interface	model	test	replicate	value	time
SCIP_CMD	iIT341	LP2	2	285.7452196300907	0.14484024047851562
