interface	model	test	replicate	value	time
SCIP_CMD	iMM904	LP2	8	833.2451014799778	0.34104394912719727
