interface	model	test	replicate	value	time
SCIP_CMD	iIT341	LP2	0	285.7452196300907	0.18473410606384277
