interface	model	test	replicate	value	time
SCIP_CMD	Recon3D	LP2	2	23115.011297913912	10.745014905929565
