interface	model	test	replicate	value	time
SCIP_CMD	iML1515	LP1	2	2.99921161371325	0.25141239166259766
