interface	model	test	replicate	value	time
SCIP_CMD	iMM904	LP1	5	0.717421932565265	0.11844468116760254
