interface	model	test	replicate	value	time
SCIP_CMD	iMM904	LP2	7	833.2451014799778	0.3836545944213867
