interface	model	test	replicate	value	time
SCIP_CMD	iCHOv1	LP2	9	1196.7172281653627	2.157378911972046
