interface	model	test	replicate	value	time
SCIP_CMD	iMM904	LP2	3	833.2451014799778	0.5019826889038086
