interface	model	test	replicate	value	time
SCIP_CMD	iML1515	LP2	3	4679.570105273193	1.0266623497009277
