interface	model	test	replicate	value	time
SCIP_CMD	iLB1027	LP2	7	312.5014316118074	1.1377489566802979
