interface	model	test	replicate	value	time
SCIP_CMD	iLB1027	LP2	8	312.5014316118074	1.100489854812622
