interface	model	test	replicate	value	time
SCIP_CMD	iCHOv1	MILP2	6	1458.4515999999999	1.0370397567749023
