interface	model	test	replicate	value	time
SCIP_CMD	Recon3D	LP2	0	23115.011297913912	12.26473069190979
