interface	model	test	replicate	value	time
SCIP_CMD	iCHOv1	MILP2	0	1458.4515999999999	1.9525871276855469
