interface	model	test	replicate	value	time
SCIP_CMD	iMM904	LP1	9	0.717421932565265	0.10906624794006348
