interface	model	test	replicate	value	time
SCIP_CMD	iIT341	LP1	0	0.291877238492504	0.8072433471679688
