interface	model	test	replicate	value	time
SCIP_CMD	iIT341	LP1	6	0.291877238492504	0.06311845779418945
