interface	model	test	replicate	value	time
SCIP_CMD	iMM904	LP2	2	833.2451014799778	0.3219163417816162
