interface	model	test	replicate	value	time
SCIP_CMD	iCHOv1	LP1	8	3.91587324319878	0.44429731369018555
