interface	model	test	replicate	value	time
SCIP_CMD	iIT341	LP2	6	285.7452196300907	0.14374399185180664
