interface	model	test	replicate	value	time
SCIP_CMD	iIT341	LP2	1	285.7452196300907	0.20755553245544434
