interface	model	test	replicate	value	time
SCIP_CMD	iCHOv1	MILP2	8	1458.4515999999999	1.1780917644500732
