interface	model	test	replicate	value	time
SCIP_CMD	iMM904	LP1	0	0.717421932565265	1.151233434677124
