interface	model	test	replicate	value	time
SCIP_CMD	iML1515	LP2	5	4679.570105273193	0.8408551216125488
