interface	model	test	replicate	value	time
SCIP_CMD	iIT341	LP1	5	0.291877238492504	0.0793004035949707
