interface	model	test	replicate	value	time
SCIP_CMD	iCHOv1	MILP2	5	1458.4515999999999	1.4507536888122559
