interface	model	test	replicate	value	time
SCIP_CMD	Recon3D	LP2	1	23115.011297913912	10.593890905380249
