interface	model	test	replicate	value	time
SCIP_CMD	iMM904	LP1	7	0.717421932565265	0.13629722595214844
