interface	model	test	replicate	value	time
SCIP_CMD	iLB1027	LP2	0	312.5014316118074	1.6190454959869385
