interface	model	test	replicate	value	time
SCIP_CMD	iLB1027	LP1	3	0.213733169774569	0.5156610012054443
