interface	model	test	replicate	value	time
SCIP_CMD	iMM904	LP1	3	0.717421932565265	0.1400165557861328
