interface	model	test	replicate	value	time
SCIP_CMD	iLB1027	LP2	6	312.5014316118074	1.0286026000976562
