interface	model	test	replicate	value	time
SCIP_CMD	iIT341	LP1	2	0.291877238492504	0.1380934715270996
