interface	model	test	replicate	value	time
SCIP_CMD	iLB1027	LP2	2	312.5014316118074	1.3666813373565674
