interface	model	test	replicate	value	time
SCIP_CMD	iML1515	LP1	1	2.99921161371325	0.29514169692993164
