interface	model	test	replicate	value	time
SCIP_CMD	iLB1027	LP1	1	0.213733169774569	0.46472978591918945
