interface	model	test	replicate	value	time
SCIP_CMD	iLB1027	LP2	1	312.5014316118074	1.4388799667358398
