interface	model	test	replicate	value	time
SCIP_CMD	iML1515	LP2	1	4679.570105273193	1.200432538986206
