interface	model	test	replicate	value	time
SCIP_CMD	iCHOv1	LP2	4	1196.7172281653627	2.2669670581817627
