interface	model	test	replicate	value	time
SCIP_CMD	iCHOv1	LP2	0	1196.7172281653627	3.3012797832489014
