interface	model	test	replicate	value	time
SCIP_CMD	iCHOv1	LP2	8	1196.7172281653627	3.195998191833496
