interface	model	test	replicate	value	time
SCIP_CMD	iLB1027	LP2	4	312.5014316118074	1.3248136043548584
