interface	model	test	replicate	value	time
SCIP_CMD	iML1515	LP2	4	4679.570105273193	0.8546533584594727
