interface	model	test	replicate	value	time
SCIP_CMD	iCHOv1	LP2	1	1196.7172281653627	2.480785608291626
