interface	model	test	replicate	value	time
SCIP_CMD	iCHOv1	LP2	7	1196.7172281653627	2.0924715995788574
