interface	model	test	replicate	value	time
SCIP_CMD	iML1515	LP1	6	2.99921161371325	0.2014763355255127
