interface	model	test	replicate	value	time
SCIP_CMD	Recon3D	LP2	4	23115.011297913912	8.516263246536255
