interface	model	test	replicate	value	time
SCIP_CMD	iIT341	LP1	1	0.291877238492504	0.09020686149597168
