interface	model	test	replicate	value	time
SCIP_CMD	iML1515	LP2	8	4679.570105273193	1.0018277168273926
