interface	model	test	rep	mem
CPLEX_PY	iLJ478	LP	0	183.3515625
GUROBI	iLJ478	LP	0	174.8203125
SCIP_CMD	iLJ478	LP	0	168.85546875
HiGHS_CMD	iLJ478	LP	0	171.70703125
GLPK_CMD	iLJ478	LP	0	172.29296875
COIN_CMD	iLJ478	LP	0	171.37109375
CPLEX_PY	iLJ478	MILP	0	182.7109375
GUROBI	iLJ478	MILP	0	180.73828125
SCIP_CMD	iLJ478	MILP	0	195.2421875
HiGHS_CMD	iLJ478	MILP	0	182.37109375
GLPK_CMD	iLJ478	MILP	0	174.8359375
COIN_CMD	iLJ478	MILP	0	190.58984375
